,id
0,datakaveri.org/04a15c9960ffda227e9546f3f46e629e1fe4132b/rs.iudx.org.in/pune-env-aqm/b4b9e3b8-fcfa-08c2-a9c5-2093748a116c
1,datakaveri.org/04a15c9960ffda227e9546f3f46e629e1fe4132b/rs.iudx.org.in/pune-env-aqm/8cff12b2-b8be-1230-c5f6-ca96b4e4e441
2,datakaveri.org/04a15c9960ffda227e9546f3f46e629e1fe4132b/rs.iudx.org.in/pune-env-aqm/d3f2fcf3-24de-0fb6-7b74-0d7b3fa0467d
3,datakaveri.org/04a15c9960ffda227e9546f3f46e629e1fe4132b/rs.iudx.org.in/pune-env-aqm/8011a665-ea2b-dd08-4c49-667bb2256545
4,datakaveri.org/04a15c9960ffda227e9546f3f46e629e1fe4132b/rs.iudx.org.in/pune-env-aqm/52e11fbe-2458-987f-b756-8c5cab1f051e
5,datakaveri.org/04a15c9960ffda227e9546f3f46e629e1fe4132b/rs.iudx.org.in/pune-env-aqm/a1198ebc-db62-1c31-28c6-09d51441f153
6,datakaveri.org/04a15c9960ffda227e9546f3f46e629e1fe4132b/rs.iudx.org.in/pune-env-aqm/388977ff-210f-b2f4-19e6-c619669708a2
7,datakaveri.org/04a15c9960ffda227e9546f3f46e629e1fe4132b/rs.iudx.org.in/pune-env-aqm/64131670-4db5-8b9b-6a81-7ddc23f176fd
8,datakaveri.org/04a15c9960ffda227e9546f3f46e629e1fe4132b/rs.iudx.org.in/pune-env-aqm/b3ec32ff-fa7d-64fa-c0af-272e25d314e9
9,datakaveri.org/04a15c9960ffda227e9546f3f46e629e1fe4132b/rs.iudx.org.in/pune-env-aqm/21ece4ba-0dcf-843a-16e0-35e0082277dd
10,datakaveri.org/04a15c9960ffda227e9546f3f46e629e1fe4132b/rs.iudx.org.in/pune-env-aqm/2353b250-df9a-4108-8e2c-240955969d7e
11,datakaveri.org/04a15c9960ffda227e9546f3f46e629e1fe4132b/rs.iudx.org.in/pune-env-aqm/0541f9dd-2787-d791-9340-c30da7750de7
12,datakaveri.org/04a15c9960ffda227e9546f3f46e629e1fe4132b/rs.iudx.org.in/pune-env-aqm/3c84ae0f-dcca-fd9b-1f09-bc0f0e092b63
13,datakaveri.org/04a15c9960ffda227e9546f3f46e629e1fe4132b/rs.iudx.org.in/pune-env-aqm/3c4ebd7e-00e2-3881-ca79-281a1ba5bc22
14,datakaveri.org/04a15c9960ffda227e9546f3f46e629e1fe4132b/rs.iudx.org.in/pune-env-aqm/12bd3b5b-a189-0d10-3a1f-20a0ba699d7f
15,datakaveri.org/04a15c9960ffda227e9546f3f46e629e1fe4132b/rs.iudx.org.in/pune-env-aqm/db3d6ea0-a84a-b3d6-7ec9-71ae66736273
16,datakaveri.org/04a15c9960ffda227e9546f3f46e629e1fe4132b/rs.iudx.org.in/pune-env-aqm/02b868e6-59f7-9359-3ae3-6feaf0e6bd9f
17,datakaveri.org/04a15c9960ffda227e9546f3f46e629e1fe4132b/rs.iudx.org.in/pune-env-aqm/83cdf03d-5787-7052-08aa-143cfbfb807d
18,datakaveri.org/04a15c9960ffda227e9546f3f46e629e1fe4132b/rs.iudx.org.in/pune-env-aqm/d90466f6-a69a-6989-e54a-eddb4dc47fd4
19,datakaveri.org/04a15c9960ffda227e9546f3f46e629e1fe4132b/rs.iudx.org.in/pune-env-aqm/146a3c4f-c6e4-959f-e967-f0cfd5b03dcb
20,datakaveri.org/04a15c9960ffda227e9546f3f46e629e1fe4132b/rs.iudx.org.in/pune-env-aqm/2a072b6c-ec0b-d307-bdc6-86a8b585f5df
21,datakaveri.org/04a15c9960ffda227e9546f3f46e629e1fe4132b/rs.iudx.org.in/pune-env-aqm/0ede317b-62b5-86e2-de37-604271f37d73
22,datakaveri.org/04a15c9960ffda227e9546f3f46e629e1fe4132b/rs.iudx.org.in/pune-env-aqm/3d3a569a-1a89-c3b6-671c-5675e4132c32
23,datakaveri.org/04a15c9960ffda227e9546f3f46e629e1fe4132b/rs.iudx.org.in/pune-env-aqm/503328c5-a2ac-bfae-fd08-cf2630f51a7b
24,datakaveri.org/04a15c9960ffda227e9546f3f46e629e1fe4132b/rs.iudx.org.in/pune-env-aqm/c37c6979-6802-4a1c-c852-609b7706f5ba
25,datakaveri.org/04a15c9960ffda227e9546f3f46e629e1fe4132b/rs.iudx.org.in/pune-env-aqm/7bd8af4f-99bf-2f69-996c-5fde241fb29a
26,datakaveri.org/04a15c9960ffda227e9546f3f46e629e1fe4132b/rs.iudx.org.in/pune-env-aqm/17429134-c3d7-da41-0057-388a28723913
27,datakaveri.org/04a15c9960ffda227e9546f3f46e629e1fe4132b/rs.iudx.org.in/pune-env-aqm/c7b8f786-2f89-116f-d98d-8c54bfc7caaf
28,datakaveri.org/04a15c9960ffda227e9546f3f46e629e1fe4132b/rs.iudx.org.in/pune-env-aqm/a841398a-4739-72ff-497a-a439364f459a
29,datakaveri.org/04a15c9960ffda227e9546f3f46e629e1fe4132b/rs.iudx.org.in/pune-env-aqm/2922b6ff-0271-cde4-9378-bd00f1a6ea3c
30,datakaveri.org/04a15c9960ffda227e9546f3f46e629e1fe4132b/rs.iudx.org.in/pune-env-aqm/67ae0343-59e4-e88f-bc4a-f55e7789df44
31,datakaveri.org/04a15c9960ffda227e9546f3f46e629e1fe4132b/rs.iudx.org.in/pune-env-aqm/a70a062d-1bc8-ba77-a530-af9b5d4f2145
32,datakaveri.org/04a15c9960ffda227e9546f3f46e629e1fe4132b/rs.iudx.org.in/pune-env-aqm/6e5c898e-23ee-f77a-82f5-ebc4998f5f4a
33,datakaveri.org/04a15c9960ffda227e9546f3f46e629e1fe4132b/rs.iudx.org.in/pune-env-aqm/145bacfd-da11-d35f-ed80-ce7475d9bf3d
34,datakaveri.org/04a15c9960ffda227e9546f3f46e629e1fe4132b/rs.iudx.org.in/pune-env-aqm/ae767590-445c-4079-14a6-6a954239d7c7
35,datakaveri.org/04a15c9960ffda227e9546f3f46e629e1fe4132b/rs.iudx.org.in/pune-env-aqm/98bf83b7-a2b8-ea70-88aa-7d1d9f33dbe0
36,datakaveri.org/04a15c9960ffda227e9546f3f46e629e1fe4132b/rs.iudx.org.in/pune-env-aqm/10b6d0f8-ae93-6622-5d1b-76af4bebc11e
37,datakaveri.org/04a15c9960ffda227e9546f3f46e629e1fe4132b/rs.iudx.org.in/pune-env-aqm/390a5098-1616-60ca-955e-ce9b5d3ee5f9
38,datakaveri.org/04a15c9960ffda227e9546f3f46e629e1fe4132b/rs.iudx.org.in/pune-env-aqm/d824fa46-223b-f248-493e-80bb5bdeda68
39,datakaveri.org/04a15c9960ffda227e9546f3f46e629e1fe4132b/rs.iudx.org.in/pune-env-aqm/978ed964-88ee-fbc8-2092-5e41065c6405
40,datakaveri.org/04a15c9960ffda227e9546f3f46e629e1fe4132b/rs.iudx.org.in/pune-env-aqm/b075ef08-a5cc-e920-6be3-f57e5b7731c5
41,datakaveri.org/04a15c9960ffda227e9546f3f46e629e1fe4132b/rs.iudx.org.in/pune-env-aqm/763f8470-1fca-6f8b-3a8b-ee883a0c5f06
42,datakaveri.org/04a15c9960ffda227e9546f3f46e629e1fe4132b/rs.iudx.org.in/pune-env-aqm/f40c0b8e-248f-9f62-414e-7e2a7065d53e
43,datakaveri.org/04a15c9960ffda227e9546f3f46e629e1fe4132b/rs.iudx.org.in/pune-env-aqm/169af06f-bfee-3513-56e5-b9ddd7b863f0
44,datakaveri.org/04a15c9960ffda227e9546f3f46e629e1fe4132b/rs.iudx.org.in/pune-env-aqm/05fbae93-d3f7-0bbe-dd5d-2c2b4180edc7
45,datakaveri.org/04a15c9960ffda227e9546f3f46e629e1fe4132b/rs.iudx.org.in/pune-env-aqm/57c0323e-4cf7-2b22-0e54-e9c043d235cb
46,datakaveri.org/04a15c9960ffda227e9546f3f46e629e1fe4132b/rs.iudx.org.in/pune-env-aqm/184ba502-22a8-ad15-a8f1-c966cd3aa7a7
47,datakaveri.org/04a15c9960ffda227e9546f3f46e629e1fe4132b/rs.iudx.org.in/pune-env-aqm/f36b4669-628b-ad93-9970-f9d424afbf75
48,datakaveri.org/04a15c9960ffda227e9546f3f46e629e1fe4132b/rs.iudx.org.in/pune-env-aqm/02f7e7ee-29d6-c1c1-4d98-8f74981d9683
49,datakaveri.org/04a15c9960ffda227e9546f3f46e629e1fe4132b/rs.iudx.org.in/pune-env-aqm/9426e6f0-71cc-d3f1-6466-760ac8b655a2
